{
    "textures": {
        "particle": "#texture"
    },
    "elements": [
        {   "from": [ 0.5, 0, 0.5 ],
            "to": [ 15, 1, 15 ],
            "faces": {
                "down":  { "uv": [ 0.5, 0.5, 7.5, 7.5 ], "texture": "#texture", "cullface": "down" },
                "up":    { "uv": [ 0.5, 0.5, 7.5, 7.5 ], "texture": "#texture" },
                "north": { "uv": [ 1, 7.5, 7.5, 8 ], "texture": "#texture" },
                "south": { "uv": [ 1, 7.5, 7.5, 8 ], "texture": "#texture" },
                "west":  { "uv": [ 1, 7.5, 7.5, 8 ], "texture": "#texture" },
                "east":  { "uv": [ 1, 7.5, 7.5, 8 ], "texture": "#texture" }
            }
        }
    ]
}
