{
    "textures": {
        "particle": "#texture"
    },
    "elements": [
        {   "from": [ 1, 6, 1 ],
            "to": [ 15, 10, 15 ],
            "faces": {
                "down":  { "uv": [ 1, 1, 7, 7 ], "texture": "#texture" },
                "up":    { "uv": [ 1, 1, 7, 7 ], "texture": "#texture" },
                "north": { "uv": [ 1, 3, 7, 5 ], "texture": "#texture" },
                "south": { "uv": [ 1, 3, 7, 5 ], "texture": "#texture" },
                "west":  { "uv": [ 1, 3, 7, 5 ], "texture": "#texture" },
                "east":  { "uv": [ 1, 3, 7, 5 ], "texture": "#texture" }
            }
        }
    ]
}
