{
	"parent": "block/cube_all",
    "textures": {
		"all": "blocks/redstone_lamp_off"
    },	
    "elements": [
        {   "from": [ 0, 0, 0 ],
            "to": [ 16, 16, 16 ],
            "faces": {
                "down": {
                    "uv": [ 8, 8, 16, 16 ],
                    "texture": "#all"
                },
                "up": {
                    "uv": [ 0, 0, 8, 8 ],
                    "texture": "#all"
                },
                "north": {
                    "uv": [ 8, 0, 16, 8 ],
                    "texture": "#all"
                },
                "south": {
                    "uv": [ 8, 0, 16, 8 ],
                    "texture": "#all"
                },
                "west": {
                    "uv": [ 0, 8, 8, 16 ],
                    "texture": "#all"
                },
                "east": {
                    "uv": [ 0, 8, 8, 16 ],
                    "texture": "#all"
                }
            }
        }
    ]	
}